{
  "transition_round": 1,
  "virtual_data_size": 1202,
  "threshold_final": 0.8086666666666666,
  "best_acc": 0.7974666666666667
}