{
  "transition_round": 1,
  "virtual_data_size": 2105,
  "threshold_final": 0.8044666666666667,
  "best_acc": 0.7965333333333333
}