{
  "transition_round": 1,
  "virtual_data_size": 4805,
  "threshold_final": 0.7737333333333334,
  "best_acc": 0.7942666666666667
}