{
  "transition_round": 1,
  "virtual_data_size": 4020,
  "threshold_final": 0.7445190156599552,
  "best_acc": 0.938958133589006
}