{
  "transition_round": 1,
  "virtual_data_size": 4021,
  "threshold_final": 0.7238095238095239,
  "best_acc": 0.9405560882070949
}