{
  "transition_round": 1,
  "virtual_data_size": 4020,
  "threshold_final": 0.7411952700543305,
  "best_acc": 0.9376797698945349
}