{
  "transition_round": 1,
  "virtual_data_size": 4020,
  "threshold_final": 0.7436241610738255,
  "best_acc": 0.9386385426653883
}