{
  "transition_round": 1,
  "virtual_data_size": 4020,
  "threshold_final": 0.7477149248961329,
  "best_acc": 0.938958133589006
}