{
  "transition_round": 1,
  "virtual_data_size": 6700,
  "threshold_final": 0.7210738255033557,
  "best_acc": 0.9498881431767338
}