{
  "transition_round": 1,
  "virtual_data_size": 6700,
  "threshold_final": 0.7295749440715884,
  "best_acc": 0.9489932885906041
}