{
  "transition_round": 1,
  "virtual_data_size": 6031,
  "threshold_final": 0.7419239373601791,
  "best_acc": 0.9409395973154362
}