{
  "transition_round": 1,
  "virtual_data_size": 7370,
  "threshold_final": 0.7503355704697987,
  "best_acc": 0.9485458612975392
}