{
  "transition_round": 1,
  "virtual_data_size": 6030,
  "threshold_final": 0.7509619686800895,
  "best_acc": 0.9445190156599552
}