{
  "transition_round": 1,
  "virtual_data_size": 6072,
  "threshold_final": 0.7424608501118568,
  "best_acc": 0.9407158836689038
}