{
  "transition_round": 1,
  "virtual_data_size": 6083,
  "threshold_final": 0.7463982102908278,
  "best_acc": 0.9458612975391499
}