{
  "transition_round": 1,
  "virtual_data_size": 6043,
  "threshold_final": 0.734586129753915,
  "best_acc": 0.9404921700223714
}