{
  "transition_round": 1,
  "virtual_data_size": 0,
  "threshold_final": 0.785503355704698,
  "best_acc": 0.9689038031319911
}