{
  "transition_round": 1,
  "virtual_data_size": 0,
  "threshold_final": 0.7854138702460851,
  "best_acc": 0.9682326621923938
}