{
  "transition_round": 1,
  "virtual_data_size": 6700,
  "threshold_final": 0.9325503355704698,
  "best_acc": 0.9527964205816555
}