{
  "transition_round": 1,
  "virtual_data_size": 6700,
  "threshold_final": 0.7470246085011185,
  "best_acc": 0.945413870246085
}