{
  "transition_round": 1,
  "virtual_data_size": 6700,
  "threshold_final": 0.7449664429530203,
  "best_acc": 0.9458612975391499
}