{
  "transition_round": 1,
  "virtual_data_size": 6700,
  "threshold_final": 0.9327740492170022,
  "best_acc": 0.954586129753915
}