{
  "transition_round": 1,
  "virtual_data_size": 6083,
  "threshold_final": 0.7474720357941834,
  "best_acc": 0.945413870246085
}