{
  "transition_round": 1,
  "virtual_data_size": 6031,
  "threshold_final": 0.7204474272930649,
  "best_acc": 0.9425055928411633
}