{
  "transition_round": 1,
  "virtual_data_size": 6038,
  "threshold_final": 0.7432662192393736,
  "best_acc": 0.9487695749440715
}