{
  "transition_round": 1,
  "virtual_data_size": 6039,
  "threshold_final": 0.7424608501118568,
  "best_acc": 0.9474272930648769
}