{
  "transition_round": 1,
  "virtual_data_size": 6039,
  "threshold_final": 0.7421923937360179,
  "best_acc": 0.9478747203579418
}