{
  "transition_round": 1,
  "virtual_data_size": 6040,
  "threshold_final": 0.7432662192393736,
  "best_acc": 0.9483221476510068
}