{
  "transition_round": 1,
  "virtual_data_size": 7875,
  "threshold_final": 0.7999333333333334,
  "best_acc": 0.7925333333333333
}