{
  "transition_round": 1,
  "virtual_data_size": 6935,
  "threshold_final": 0.7999333333333334,
  "best_acc": 0.7926666666666666
}