{
  "transition_round": 1,
  "virtual_data_size": 0,
  "threshold_final": 0.6662933333333334,
  "best_acc": 0.8057333333333333
}