{
  "transition_round": 1,
  "virtual_data_size": 6030,
  "threshold_final": 0.7268903803131992,
  "best_acc": 0.9400447427293065
}