{
  "transition_round": 1,
  "virtual_data_size": 5957,
  "threshold_final": 0.7480089485458613,
  "best_acc": 0.945413870246085
}