{
  "transition_round": 1,
  "virtual_data_size": 6031,
  "threshold_final": 0.7352125279642059,
  "best_acc": 0.9409395973154362
}