{
  "transition_round": 1,
  "virtual_data_size": 6700,
  "threshold_final": 0.7222371364653245,
  "best_acc": 0.9492170022371365
}