{
  "transition_round": 1,
  "virtual_data_size": 6700,
  "threshold_final": 0.723758389261745,
  "best_acc": 0.9480984340044742
}