{
  "transition_round": 1,
  "virtual_data_size": 6700,
  "threshold_final": 0.7228635346756153,
  "best_acc": 0.9472035794183445
}