{
  "transition_round": 1,
  "virtual_data_size": 6030,
  "threshold_final": 0.7506040268456377,
  "best_acc": 0.9456375838926174
}