{
  "transition_round": 1,
  "virtual_data_size": 6030,
  "threshold_final": 0.745413870246085,
  "best_acc": 0.9427293064876957
}