{
  "transition_round": 1,
  "virtual_data_size": 6700,
  "threshold_final": 0.730738255033557,
  "best_acc": 0.9478747203579418
}