{
  "transition_round": 1,
  "virtual_data_size": 6245,
  "threshold_final": 0.727427293064877,
  "best_acc": 0.9480984340044742
}