{
  "transition_round": 1,
  "virtual_data_size": 6245,
  "threshold_final": 0.7269798657718122,
  "best_acc": 0.9494407158836689
}