{
  "transition_round": 1,
  "virtual_data_size": 6700,
  "threshold_final": 0.727248322147651,
  "best_acc": 0.9494407158836689
}