{
  "transition_round": 1,
  "virtual_data_size": 4020,
  "threshold_final": 0.7502716522850751,
  "best_acc": 0.9373601789709173
}