{
  "transition_round": 1,
  "virtual_data_size": 4021,
  "threshold_final": 0.7258549057206776,
  "best_acc": 0.9383189517417705
}