{
  "transition_round": 1,
  "virtual_data_size": 4020,
  "threshold_final": 0.7390220517737296,
  "best_acc": 0.9376797698945349
}