{
  "transition_round": 1,
  "virtual_data_size": 6030,
  "threshold_final": 0.7315436241610739,
  "best_acc": 0.9393736017897092
}