{
  "transition_round": 1,
  "virtual_data_size": 7370,
  "threshold_final": 0.7488143176733781,
  "best_acc": 0.9476510067114094
}