{
  "transition_round": 1,
  "virtual_data_size": 0,
  "threshold_final": 0.6648533333333333,
  "best_acc": 0.8049333333333333
}