{
  "transition_round": 1,
  "virtual_data_size": 0,
  "threshold_final": 0.66032,
  "best_acc": 0.8038666666666666
}