{
  "transition_round": 1,
  "virtual_data_size": 6072,
  "threshold_final": 0.7501565995525727,
  "best_acc": 0.9400447427293065
}