{
  "transition_round": 1,
  "virtual_data_size": 5979,
  "threshold_final": 0.7403131991051455,
  "best_acc": 0.9420581655480984
}