{
  "transition_round": 1,
  "virtual_data_size": 5994,
  "threshold_final": 0.7511409395973154,
  "best_acc": 0.9458612975391499
}