{
  "transition_round": 1,
  "virtual_data_size": 0,
  "threshold_final": 0.7863982102908278,
  "best_acc": 0.9704697986577181
}