{
  "transition_round": 1,
  "virtual_data_size": 0,
  "threshold_final": 0.7865771812080538,
  "best_acc": 0.970917225950783
}