{
  "transition_round": 1,
  "virtual_data_size": 0,
  "threshold_final": 0.7863087248322148,
  "best_acc": 0.9702460850111857
}