{
  "transition_round": 1,
  "virtual_data_size": 6030,
  "threshold_final": 0.7514093959731545,
  "best_acc": 0.943400447427293
}