{
  "transition_round": 1,
  "virtual_data_size": 4020,
  "threshold_final": 0.739405560882071,
  "best_acc": 0.9386385426653883
}