{
  "transition_round": 1,
  "virtual_data_size": 7370,
  "threshold_final": 0.7278747203579418,
  "best_acc": 0.946979865771812
}