{
  "transition_round": 1,
  "virtual_data_size": 6700,
  "threshold_final": 0.7226845637583893,
  "best_acc": 0.9478747203579418
}