{
  "transition_round": 1,
  "virtual_data_size": 5989,
  "threshold_final": 0.7517673378076064,
  "best_acc": 0.9458612975391499
}