{
  "transition_round": 1,
  "virtual_data_size": 6042,
  "threshold_final": 0.7487248322147653,
  "best_acc": 0.946979865771812
}