{
  "transition_round": 1,
  "virtual_data_size": 6150,
  "threshold_final": 0.7521252796420582,
  "best_acc": 0.946979865771812
}