{
  "transition_round": 1,
  "virtual_data_size": 6000,
  "threshold_final": 0.7458612975391499,
  "best_acc": 0.9449664429530201
}