{
  "transition_round": 1,
  "virtual_data_size": 6030,
  "threshold_final": 0.7429977628635347,
  "best_acc": 0.9411633109619687
}