{
  "transition_round": 1,
  "virtual_data_size": 6075,
  "threshold_final": 0.7498881431767338,
  "best_acc": 0.9460850111856823
}