{
  "transition_round": 1,
  "virtual_data_size": 6032,
  "threshold_final": 0.7536465324384788,
  "best_acc": 0.945413870246085
}