{
  "transition_round": 1,
  "virtual_data_size": 6050,
  "threshold_final": 0.7466666666666667,
  "best_acc": 0.9447427293064877
}