{
  "transition_round": 1,
  "virtual_data_size": 6031,
  "threshold_final": 0.7485458612975391,
  "best_acc": 0.9416107382550336
}