{
  "transition_round": 1,
  "virtual_data_size": 6032,
  "threshold_final": 0.7509619686800897,
  "best_acc": 0.9449664429530201
}