{
  "transition_round": 1,
  "virtual_data_size": 6030,
  "threshold_final": 0.7379865771812081,
  "best_acc": 0.9413870246085011
}