{
  "transition_round": 1,
  "virtual_data_size": 6245,
  "threshold_final": 0.742281879194631,
  "best_acc": 0.946979865771812
}