{
  "transition_round": 1,
  "virtual_data_size": 6245,
  "threshold_final": 0.741834451901566,
  "best_acc": 0.9478747203579418
}