{
  "transition_round": 1,
  "virtual_data_size": 5991,
  "threshold_final": 0.7516778523489933,
  "best_acc": 0.943400447427293
}