{
  "transition_round": 1,
  "virtual_data_size": 6700,
  "threshold_final": 0.734854586129754,
  "best_acc": 0.946979865771812
}