{
  "transition_round": 1,
  "virtual_data_size": 0,
  "threshold_final": 0.7843400447427293,
  "best_acc": 0.9653243847874721
}