{
  "transition_round": 1,
  "virtual_data_size": 6030,
  "threshold_final": 0.7416554809843401,
  "best_acc": 0.941834451901566
}