{
  "transition_round": 1,
  "virtual_data_size": 7370,
  "threshold_final": 0.7248322147651006,
  "best_acc": 0.9476510067114094
}