{
  "transition_round": 1,
  "virtual_data_size": 4020,
  "threshold_final": 0.7438798338127198,
  "best_acc": 0.9379993608181527
}