{
  "transition_round": 1,
  "virtual_data_size": 4020,
  "threshold_final": 0.7401725790987537,
  "best_acc": 0.9395973154362416
}