{
  "transition_round": 1,
  "virtual_data_size": 4021,
  "threshold_final": 0.7354426334292107,
  "best_acc": 0.9379993608181527
}