{
  "transition_round": 1,
  "virtual_data_size": 4020,
  "threshold_final": 0.7426014701182487,
  "best_acc": 0.9402364972834771
}