{
  "transition_round": 1,
  "virtual_data_size": 4020,
  "threshold_final": 0.7457973793544265,
  "best_acc": 0.9399169063598594
}