{
  "transition_round": 1,
  "virtual_data_size": 6245,
  "threshold_final": 0.727874720357942,
  "best_acc": 0.9489932885906041
}