{
  "transition_round": 1,
  "virtual_data_size": 6050,
  "threshold_final": 0.753288590604027,
  "best_acc": 0.9427293064876957
}