{
  "transition_round": 1,
  "virtual_data_size": 6030,
  "threshold_final": 0.7504250559284117,
  "best_acc": 0.9442953020134228
}