{
  "transition_round": 1,
  "virtual_data_size": 6050,
  "threshold_final": 0.7502460850111858,
  "best_acc": 0.9440715883668904
}