{
  "transition_round": 1,
  "virtual_data_size": 4020,
  "threshold_final": 0.7403004154682007,
  "best_acc": 0.9379993608181527
}