{
  "transition_round": 1,
  "virtual_data_size": 4020,
  "threshold_final": 0.7482262703739214,
  "best_acc": 0.9383189517417705
}