{
  "transition_round": 1,
  "virtual_data_size": 4020,
  "threshold_final": 0.7356983061681048,
  "best_acc": 0.938958133589006
}