{
  "transition_round": 1,
  "virtual_data_size": 4738,
  "threshold_final": 0.7388143176733781,
  "best_acc": 0.941834451901566
}