{
  "transition_round": 1,
  "virtual_data_size": 4691,
  "threshold_final": 0.7241610738255034,
  "best_acc": 0.9404362416107382
}