{
  "transition_round": 1,
  "virtual_data_size": 5360,
  "threshold_final": 0.7325503355704698,
  "best_acc": 0.9412751677852349
}