{
  "transition_round": 1,
  "virtual_data_size": 4890,
  "threshold_final": 0.7381431767337809,
  "best_acc": 0.9381991051454138
}