{
  "transition_round": 1,
  "virtual_data_size": 5360,
  "threshold_final": 0.741275167785235,
  "best_acc": 0.9409955257270693
}