{
  "transition_round": 1,
  "virtual_data_size": 6245,
  "threshold_final": 0.7319910514541388,
  "best_acc": 0.9480984340044742
}