{
  "transition_round": 1,
  "virtual_data_size": 6072,
  "threshold_final": 0.727874720357942,
  "best_acc": 0.9411633109619687
}