{
  "transition_round": 1,
  "virtual_data_size": 7370,
  "threshold_final": 0.7387919463087249,
  "best_acc": 0.945413870246085
}