{
  "transition_round": 1,
  "virtual_data_size": 7370,
  "threshold_final": 0.7369127516778524,
  "best_acc": 0.9480984340044742
}