{
  "transition_round": 1,
  "virtual_data_size": 6245,
  "threshold_final": 0.7227740492170023,
  "best_acc": 0.9467561521252796
}