{
  "transition_round": 1,
  "virtual_data_size": 5971,
  "threshold_final": 0.7362863534675615,
  "best_acc": 0.9416107382550336
}