{
  "transition_round": 1,
  "virtual_data_size": 6700,
  "threshold_final": 0.7495302013422819,
  "best_acc": 0.9487695749440715
}