{
  "transition_round": 1,
  "virtual_data_size": 5971,
  "threshold_final": 0.7434451901565996,
  "best_acc": 0.9402684563758389
}