{
  "transition_round": 1,
  "virtual_data_size": 7370,
  "threshold_final": 0.7404026845637585,
  "best_acc": 0.9478747203579418
}