{
  "transition_round": 1,
  "virtual_data_size": 0,
  "threshold_final": 0.785682326621924,
  "best_acc": 0.9686800894854586
}