{
  "transition_round": 1,
  "virtual_data_size": 0,
  "threshold_final": 0.7846979865771813,
  "best_acc": 0.9684563758389262
}