{
  "transition_round": 1,
  "virtual_data_size": 0,
  "threshold_final": 0.7858612975391499,
  "best_acc": 0.9691275167785235
}