{
  "transition_round": 1,
  "virtual_data_size": 6083,
  "threshold_final": 0.7511409395973154,
  "best_acc": 0.9456375838926174
}