{
  "transition_round": 1,
  "virtual_data_size": 5989,
  "threshold_final": 0.7526621923937361,
  "best_acc": 0.9445190156599552
}