{
  "transition_round": 1,
  "virtual_data_size": 6245,
  "threshold_final": 0.7276957494407159,
  "best_acc": 0.9487695749440715
}