{
  "transition_round": 1,
  "virtual_data_size": 6030,
  "threshold_final": 0.72751677852349,
  "best_acc": 0.9411633109619687
}