{
  "transition_round": 1,
  "virtual_data_size": 6245,
  "threshold_final": 0.7305592841163311,
  "best_acc": 0.9483221476510068
}