{
  "transition_round": 1,
  "virtual_data_size": 6030,
  "threshold_final": 0.7507829977628636,
  "best_acc": 0.9440715883668904
}