{
  "transition_round": 1,
  "virtual_data_size": 6700,
  "threshold_final": 0.745503355704698,
  "best_acc": 0.9451901565995525
}