{
  "transition_round": 1,
  "virtual_data_size": 6700,
  "threshold_final": 0.7293959731543626,
  "best_acc": 0.9460850111856823
}