{
  "transition_round": 1,
  "virtual_data_size": 4691,
  "threshold_final": 0.7222595078299776,
  "best_acc": 0.941834451901566
}