{
  "transition_round": 1,
  "virtual_data_size": 4738,
  "threshold_final": 0.7431767337807607,
  "best_acc": 0.9409955257270693
}