{
  "transition_round": 1,
  "virtual_data_size": 4692,
  "threshold_final": 0.7417225950782997,
  "best_acc": 0.9409955257270693
}