{
  "transition_round": 1,
  "virtual_data_size": 4692,
  "threshold_final": 0.7436241610738256,
  "best_acc": 0.939317673378076
}