{
  "transition_round": 1,
  "virtual_data_size": 4690,
  "threshold_final": 0.7236017897091722,
  "best_acc": 0.9409955257270693
}