{
  "transition_round": 1,
  "virtual_data_size": 5545,
  "threshold_final": 0.7338702460850112,
  "best_acc": 0.9512304250559284
}