{
  "transition_round": 1,
  "virtual_data_size": 5978,
  "threshold_final": 0.7239373601789709,
  "best_acc": 0.9492170022371365
}