{
  "transition_round": 1,
  "virtual_data_size": 5839,
  "threshold_final": 0.7464876957494407,
  "best_acc": 0.9523489932885906
}