{
  "transition_round": 1,
  "virtual_data_size": 6213,
  "threshold_final": 0.9327740492170022,
  "best_acc": 0.945413870246085
}