{
  "transition_round": 1,
  "virtual_data_size": 6150,
  "threshold_final": 0.7516778523489933,
  "best_acc": 0.9465324384787472
}