{
  "transition_round": 1,
  "virtual_data_size": 6032,
  "threshold_final": 0.7514093959731545,
  "best_acc": 0.9442953020134228
}