{
  "transition_round": 1,
  "virtual_data_size": 6045,
  "threshold_final": 0.748993288590604,
  "best_acc": 0.9440715883668904
}