{
  "transition_round": 1,
  "virtual_data_size": 6030,
  "threshold_final": 0.7261744966442953,
  "best_acc": 0.9407158836689038
}