{
  "transition_round": 1,
  "virtual_data_size": 5971,
  "threshold_final": 0.7381655480984342,
  "best_acc": 0.941834451901566
}