{
  "transition_round": 1,
  "virtual_data_size": 6700,
  "threshold_final": 0.742102908277405,
  "best_acc": 0.9465324384787472
}