{
  "transition_round": 1,
  "virtual_data_size": 6700,
  "threshold_final": 0.7218791946308726,
  "best_acc": 0.9503355704697987
}