{
  "transition_round": 1,
  "virtual_data_size": 6245,
  "threshold_final": 0.7333333333333334,
  "best_acc": 0.9476510067114094
}