{
  "transition_round": 1,
  "virtual_data_size": 6072,
  "threshold_final": 0.7377181208053692,
  "best_acc": 0.9416107382550336
}