{
  "transition_round": 1,
  "virtual_data_size": 6030,
  "threshold_final": 0.752751677852349,
  "best_acc": 0.9460850111856823
}