{
  "transition_round": 1,
  "virtual_data_size": 6030,
  "threshold_final": 0.7516778523489934,
  "best_acc": 0.9451901565995525
}