{
  "transition_round": 1,
  "virtual_data_size": 6030,
  "threshold_final": 0.7438926174496645,
  "best_acc": 0.9402684563758389
}