{
  "transition_round": 1,
  "virtual_data_size": 6072,
  "threshold_final": 0.7417449664429531,
  "best_acc": 0.9409395973154362
}