{
  "transition_round": 1,
  "virtual_data_size": 6030,
  "threshold_final": 0.7251006711409397,
  "best_acc": 0.9416107382550336
}