{
  "transition_round": 1,
  "virtual_data_size": 6050,
  "threshold_final": 0.749351230425056,
  "best_acc": 0.9445190156599552
}