{
  "transition_round": 1,
  "virtual_data_size": 6083,
  "threshold_final": 0.7516778523489934,
  "best_acc": 0.9442953020134228
}