{
  "transition_round": 1,
  "virtual_data_size": 6032,
  "threshold_final": 0.7484563758389262,
  "best_acc": 0.943400447427293
}