{
  "transition_round": 1,
  "virtual_data_size": 6008,
  "threshold_final": 0.749530201342282,
  "best_acc": 0.9445190156599552
}