{
  "transition_round": 1,
  "virtual_data_size": 2191,
  "threshold_final": 0.7965333333333333,
  "best_acc": 0.7946666666666666
}