{
  "transition_round": 1,
  "virtual_data_size": 1975,
  "threshold_final": 0.7917333333333333,
  "best_acc": 0.7949333333333334
}