{
  "transition_round": 1,
  "virtual_data_size": 5991,
  "threshold_final": 0.7505145413870246,
  "best_acc": 0.9442953020134228
}