{
  "transition_round": 1,
  "virtual_data_size": 5992,
  "threshold_final": 0.7498881431767339,
  "best_acc": 0.9456375838926174
}