{
  "transition_round": 1,
  "virtual_data_size": 6030,
  "threshold_final": 0.7496196868008949,
  "best_acc": 0.9438478747203579
}