{
  "transition_round": 1,
  "virtual_data_size": 6031,
  "threshold_final": 0.7413870246085011,
  "best_acc": 0.9400447427293065
}