{
  "transition_round": 1,
  "virtual_data_size": 5992,
  "threshold_final": 0.7510514541387026,
  "best_acc": 0.9447427293064877
}