{
  "transition_round": 1,
  "virtual_data_size": 6083,
  "threshold_final": 0.7497986577181209,
  "best_acc": 0.9440715883668904
}