{
  "transition_round": 1,
  "virtual_data_size": 7370,
  "threshold_final": 0.7429977628635348,
  "best_acc": 0.9476510067114094
}