{
  "transition_round": 1,
  "virtual_data_size": 4832,
  "threshold_final": 0.7455257270693513,
  "best_acc": 0.9407158836689038
}