{
  "transition_round": 1,
  "virtual_data_size": 4890,
  "threshold_final": 0.7446308724832216,
  "best_acc": 0.9384787472035794
}