{
  "transition_round": 1,
  "virtual_data_size": 6700,
  "threshold_final": 0.7247427293064878,
  "best_acc": 0.9474272930648769
}