{
  "transition_round": 1,
  "virtual_data_size": 6030,
  "threshold_final": 0.7408501118568234,
  "best_acc": 0.9409395973154362
}