{
  "transition_round": 1,
  "virtual_data_size": 6030,
  "threshold_final": 0.7320805369127517,
  "best_acc": 0.9404921700223714
}