{
  "transition_round": 1,
  "virtual_data_size": 4690,
  "threshold_final": 0.7395973154362416,
  "best_acc": 0.9390380313199105
}