{
  "transition_round": 1,
  "virtual_data_size": 4738,
  "threshold_final": 0.7338926174496644,
  "best_acc": 0.9390380313199105
}