{
  "transition_round": 1,
  "virtual_data_size": 4946,
  "threshold_final": 0.7453020134228189,
  "best_acc": 0.9423937360178971
}