{
  "transition_round": 1,
  "virtual_data_size": 4690,
  "threshold_final": 0.7439597315436242,
  "best_acc": 0.9415548098434005
}