{
  "transition_round": 1,
  "virtual_data_size": 0,
  "threshold_final": 0.6605866666666667,
  "best_acc": 0.8041333333333334
}