{
  "transition_round": 1,
  "virtual_data_size": 0,
  "threshold_final": 0.6616533333333333,
  "best_acc": 0.8034666666666667
}