{
  "transition_round": 1,
  "virtual_data_size": 6700,
  "threshold_final": 0.7271588366890381,
  "best_acc": 0.9467561521252796
}