{
  "transition_round": 1,
  "virtual_data_size": 7370,
  "threshold_final": 0.719821029082774,
  "best_acc": 0.9467561521252796
}