{
  "transition_round": 1,
  "virtual_data_size": 6700,
  "threshold_final": 0.7248322147651006,
  "best_acc": 0.9463087248322147
}