{
  "transition_round": 1,
  "virtual_data_size": 6700,
  "threshold_final": 0.7379865771812081,
  "best_acc": 0.946979865771812
}