{
  "transition_round": 1,
  "virtual_data_size": 6031,
  "threshold_final": 0.7465771812080537,
  "best_acc": 0.9413870246085011
}