{
  "transition_round": 1,
  "virtual_data_size": 6043,
  "threshold_final": 0.7392393736017897,
  "best_acc": 0.9420581655480984
}