{
  "transition_round": 1,
  "virtual_data_size": 7370,
  "threshold_final": 0.7367337807606265,
  "best_acc": 0.9483221476510068
}