{
  "transition_round": 1,
  "virtual_data_size": 0,
  "threshold_final": 0.6630400000000001,
  "best_acc": 0.8054666666666667
}