{
  "transition_round": 1,
  "virtual_data_size": 0,
  "threshold_final": 0.6605866666666668,
  "best_acc": 0.8026666666666666
}