{
  "transition_round": 1,
  "virtual_data_size": 5360,
  "threshold_final": 0.7447427293064877,
  "best_acc": 0.941834451901566
}