{
  "transition_round": 1,
  "virtual_data_size": 0,
  "threshold_final": 0.7839821029082774,
  "best_acc": 0.9655480984340045
}