{
  "transition_round": 1,
  "virtual_data_size": 0,
  "threshold_final": 0.7867561521252798,
  "best_acc": 0.9713646532438479
}