{
  "transition_round": 1,
  "virtual_data_size": 0,
  "threshold_final": 0.7864876957494409,
  "best_acc": 0.9706935123042506
}