{
  "transition_round": 1,
  "virtual_data_size": 6030,
  "threshold_final": 0.7446085011185682,
  "best_acc": 0.9402684563758389
}