{
  "transition_round": 1,
  "virtual_data_size": 6700,
  "threshold_final": 0.7234899328859061,
  "best_acc": 0.9476510067114094
}