{
  "transition_round": 1,
  "virtual_data_size": 6700,
  "threshold_final": 0.7230425055928413,
  "best_acc": 0.9476510067114094
}