{
  "transition_round": 1,
  "virtual_data_size": 6072,
  "threshold_final": 0.742281879194631,
  "best_acc": 0.9404921700223714
}