{
  "transition_round": 1,
  "virtual_data_size": 5992,
  "threshold_final": 0.7518568232662193,
  "best_acc": 0.9440715883668904
}