{
  "transition_round": 1,
  "virtual_data_size": 5992,
  "threshold_final": 0.7505145413870247,
  "best_acc": 0.9449664429530201
}