{
  "transition_round": 1,
  "virtual_data_size": 6031,
  "threshold_final": 0.7525727069351231,
  "best_acc": 0.9447427293064877
}