{
  "transition_round": 1,
  "virtual_data_size": 6030,
  "threshold_final": 0.7518568232662193,
  "best_acc": 0.9458612975391499
}