{
  "transition_round": 1,
  "virtual_data_size": 0,
  "threshold_final": 0.7862192393736018,
  "best_acc": 0.9700223713646532
}