{
  "transition_round": 1,
  "virtual_data_size": 4946,
  "threshold_final": 0.7313199105145414,
  "best_acc": 0.941834451901566
}