{
  "transition_round": 1,
  "virtual_data_size": 4890,
  "threshold_final": 0.7266219239373601,
  "best_acc": 0.941834451901566
}