{
  "transition_round": 1,
  "virtual_data_size": 4690,
  "threshold_final": 0.7095078299776287,
  "best_acc": 0.9412751677852349
}