{
  "transition_round": 1,
  "virtual_data_size": 5989,
  "threshold_final": 0.7518568232662193,
  "best_acc": 0.9449664429530201
}