{
  "transition_round": 1,
  "virtual_data_size": 5989,
  "threshold_final": 0.7513199105145415,
  "best_acc": 0.9451901565995525
}