{
  "transition_round": 1,
  "virtual_data_size": 6032,
  "threshold_final": 0.7442505592841164,
  "best_acc": 0.9445190156599552
}