{
  "transition_round": 1,
  "virtual_data_size": 6700,
  "threshold_final": 0.727337807606264,
  "best_acc": 0.9467561521252796
}