{
  "transition_round": 1,
  "virtual_data_size": 5984,
  "threshold_final": 0.7407606263982104,
  "best_acc": 0.9416107382550336
}