{
  "transition_round": 1,
  "virtual_data_size": 5970,
  "threshold_final": 0.7537360178970918,
  "best_acc": 0.9449664429530201
}