{
  "transition_round": 1,
  "virtual_data_size": 6038,
  "threshold_final": 0.7423713646532439,
  "best_acc": 0.9492170022371365
}