{
  "transition_round": 1,
  "virtual_data_size": 6033,
  "threshold_final": 0.9327740492170022,
  "best_acc": 0.9472035794183445
}