{
  "transition_round": 1,
  "virtual_data_size": 6037,
  "threshold_final": 0.7450559284116332,
  "best_acc": 0.9498881431767338
}