{
  "transition_round": 1,
  "virtual_data_size": 6468,
  "threshold_final": 0.9327740492170022,
  "best_acc": 0.9474272930648769
}