{
  "transition_round": 1,
  "virtual_data_size": 6126,
  "threshold_final": 0.7494407158836689,
  "best_acc": 0.9476510067114094
}