{
  "transition_round": 1,
  "virtual_data_size": 6328,
  "threshold_final": 0.9344519015659956,
  "best_acc": 0.9480984340044742
}