{
  "transition_round": 1,
  "virtual_data_size": 5978,
  "threshold_final": 0.72420581655481,
  "best_acc": 0.9498881431767338
}