{
  "transition_round": 1,
  "virtual_data_size": 0,
  "threshold_final": 0.7861297539149888,
  "best_acc": 0.9697986577181208
}