{
  "transition_round": 1,
  "virtual_data_size": 6700,
  "threshold_final": 0.723489932885906,
  "best_acc": 0.9485458612975392
}