{
  "transition_round": 1,
  "virtual_data_size": 7370,
  "threshold_final": 0.7241163310961969,
  "best_acc": 0.9456375838926174
}