{
  "transition_round": 1,
  "virtual_data_size": 7370,
  "threshold_final": 0.7377181208053692,
  "best_acc": 0.9494407158836689
}