{
  "transition_round": 1,
  "virtual_data_size": 6030,
  "threshold_final": 0.7508724832214765,
  "best_acc": 0.9447427293064877
}