{
  "transition_round": 1,
  "virtual_data_size": 5989,
  "threshold_final": 0.7470246085011185,
  "best_acc": 0.9460850111856823
}