{
  "transition_round": 1,
  "virtual_data_size": 6031,
  "threshold_final": 0.7246532438478748,
  "best_acc": 0.9404921700223714
}