{
  "transition_round": 1,
  "virtual_data_size": 7370,
  "threshold_final": 0.7427293064876959,
  "best_acc": 0.9487695749440715
}