{
  "transition_round": 1,
  "virtual_data_size": 6700,
  "threshold_final": 0.7376286353467562,
  "best_acc": 0.9483221476510068
}