{
  "transition_round": 1,
  "virtual_data_size": 6245,
  "threshold_final": 0.7234004474272931,
  "best_acc": 0.9485458612975392
}