{
  "transition_round": 1,
  "virtual_data_size": 6031,
  "threshold_final": 0.7462192393736018,
  "best_acc": 0.941834451901566
}